{
    "criteria": {
        "placedframe": {
            "trigger": "minecraft:item_used_on_block",
            "conditions": {
                "item": {
                    "item": "minecraft:item_frame",
                    "nbt": "{EntityTag:{Tags:[\"vplib.place_block\"]}}"
                }
            }
        }
    },
    "requirements": [
        [
            "placedframe"
        ]
    ],
    "rewards": {
        "function": "vplib:block_placement/v1/api/placed_item_frame"
    }
}