{
    "type": "minecraft:crafting_shaped",
    "pattern": [
        "SSS",
        "#O#",
        "#X#"
    ],
    "key": {
        "#": {
            "tag": "minecraft:planks"
        },
        "S": {
            "item": "minecraft:stone"
        },
        "O": {
            "item": "minecraft:crafting_table"
        },
        "X": {
            "item": "minecraft:iron_ingot"
        }
    },
    "result": {
        "item": "minecraft:knowledge_book",
        "count": 1
    }
}