{
	"credit": "Made with Blockbench",
	"parent": "vplib:custom_crafting/v1/block/model_block",
	"texture_size": [64, 64],
	"textures": {
		"layer0": "vplib:custom_crafting/v1/block/universal_crafting_table",
		"particle": "vplib:custom_crafting/v1/block/universal_crafting_table"
	},
	"elements": [
		{
			"from": [0, 0, 0],
			"to": [16, 16, 16],
			"faces": {
				"north": {"uv": [4, 4, 8, 8], "texture": "#layer0"},
				"east": {"uv": [0, 4, 4, 8], "texture": "#layer0"},
				"south": {"uv": [4, 4, 8, 8], "texture": "#layer0"},
				"west": {"uv": [0, 4, 4, 8], "texture": "#layer0"},
				"up": {"uv": [4, 0, 8, 4], "texture": "#layer0"},
				"down": {"uv": [8, 0, 12, 4], "texture": "#layer0"}
			}
		}
	]
}